Country Name,1990,1991,1992,1993,1994,1995,1996,1997,1998,1999,2000,2001,2002,2003,2004,2005,2006,2007,2008,2009,2010,2011,2012,2013,2014,2015,2016,2017,2018
Aruba,0.268747069,0.234954768,0.238777584,0.195134319,0.18324054,0.173371733,0.167474285,0.160095867,0.157875691,0.160927638,0.175266081,0.180523335,0.181390903,0.184549671,0.187054711,0.18659945,0.189937227,0.190059132,0.193546026,0.299773816,5.464715906,5.661788374,6.855849569,6.889752984,6.927501542,6.726747566,,,
Afghanistan,15.92453168,17.03644353,26.52162865,30.58566705,32.79625055,35.07564029,37.9457475,41.43260087,44.09433685,52.18577437,54.24312637,54.05505504,43.77114857,42.27614088,49.8431477,40.85917122,37.13724949,33.86257883,21.34370808,17.81385476,14.83980596,11.48270623,13.97358569,16.33429251,19.31426861,18.42347717,,,
Angola,72.25525192,71.8886392,72.72328252,71.27705632,72.22026891,73.94588834,73.13960045,73.73441595,76.81979363,73.41078383,74.61817144,73.75785896,72.12512644,67.30611672,65.49306462,70.95420236,65.02256418,61.5997035,58.10797504,55.74897651,54.19383662,52.71567876,52.24573631,50.68611601,50.79746068,49.56821033,,,
Albania,25.51808763,32.99817424,46.81332881,51.1520423,51.45954422,50.60970958,51.63636056,55.95334942,49.98336544,42.71831341,41.44541557,39.12566375,35.89629403,33.75272883,35.93586809,36.86948919,31.71019543,32.10093721,35.91290611,37.2166378,37.11532977,35.9625316,40.0482996,41.28897372,38.68950076,38.61521047,,,
Andorra,14.27355021,14.27355021,14.30875446,13.91895459,14.56102442,14.48104808,14.1000476,14.19400246,14.45864172,14.54989054,14.89066404,15.77386809,16.22181888,16.91230759,16.87442812,16.90243685,17.48599429,16.94077654,17.42274058,17.51594817,19.09072997,18.97154584,19.19552869,19.56369803,19.88632294,19.74780863,,,
Arab World,7.344357767,7.284092766,6.91296591,6.737793486,6.914191777,6.817911043,6.80520668,6.843938083,6.757473332,6.744100456,6.609618379,6.428216218,6.280437056,6.381948158,6.718286701,6.371205285,6.180542878,5.600932865,5.153669002,5.049516514,4.839533843,4.697129592,4.167045031,4.226176912,4.170017467,4.094036566,,,
United Arab Emirates,0,0,0.188369133,0.150356177,0.12014534,0.112604486,0.080332347,0.076355659,0.072469921,0.071648551,0.076377173,0.064705856,0.066607545,0.066360533,0.100562138,0.105394829,0.117608668,0.114585957,0.110343115,0.106410818,0.108121925,0.108040123,0.104984898,0.111770805,0.145671401,0.137108046,,,
Argentina,8.922907467,8.748184307,9.471649616,10.12834244,10.73490935,11.20518463,10.19385559,10.9990734,11.34300914,10.30617339,11.07795513,13.04037294,13.28797812,12.51812857,8.348045534,8.957601755,10.18784108,8.887648979,7.60968712,8.574061175,8.961445952,10.11684672,9.866701702,10.2103229,10.90195793,10.04007761,,,
Armenia,2.118944341,2.309435803,6.677678941,12.93683368,17.76365341,9.274352707,12.47330437,10.12011439,9.380563414,8.358795379,7.164263504,5.419112661,8.899366755,9.811614683,8.707900134,6.491173797,7.652835334,7.01726248,6.405167492,7.800556095,9.359817006,8.009615307,6.565711312,6.771217636,7.72473444,15.79200384,,,
American Samoa,0,0,0,0,0,0,0,0,0,0,0,0,0,0,0,0,0,0,0,0,0,0,0.702426574,0.70314054,0.700882415,0.885478202,,,
Antigua and Barbuda,0,0,0,0,0,0,0,0,0,0,0,0,0,0,0,0,0,0,0,0,0,0,0,0,0,0,,,
Australia,8.009577159,8.24547226,7.516470972,8.616993882,8.259946779,8.217805712,8.86597056,9.080242836,8.595072694,8.507273787,8.423340659,8.370281372,8.738720713,7.15106567,6.680425721,6.711974547,6.853266823,6.95158629,6.789569274,7.112827151,8.109027293,8.25618115,8.247109347,9.08848191,9.278198457,9.18050296,,,
Austria,25.13575415,24.49579821,26.13679158,26.35780775,25.67945465,25.63008795,24.03687734,24.8710509,24.40935442,26.43831079,26.38785604,25.48367904,24.6848697,22.57879408,23.2193673,24.17441742,26.25426252,28.60093207,29.3561662,30.51438899,30.65921657,30.98859372,33.42653748,34.68060041,35.39427334,34.39499175,,,
Azerbaijan,0.722062718,0.804646398,1.217250557,1.983066048,1.515961004,1.366840065,1.738902664,1.989848785,2.4843814,2.143936114,2.065646075,1.752523491,2.351898561,2.944782106,3.070784463,3.365196156,2.86158685,3.78869995,3.086307459,3.269144729,4.449734285,3.556332586,2.845521872,2.52609484,2.116818616,2.310757686,,,
Burundi,95.20067222,94.23866263,94.99578261,94.90709274,95.11796023,95.11184389,95.18932706,95.24278522,95.26169809,93.74959579,93.22569284,96.23083435,96.15680296,97.01558988,97.26518421,97.29141828,96.85641478,96.89275161,96.84610775,96.91966596,96.75782464,96.59420681,93.9586937,94.06924338,94.59818282,95.67892425,,,
Belgium,1.269461495,1.215081737,1.194333201,0.956473288,0.939572924,1.26038954,1.184407099,1.148478311,1.291956464,1.400650838,1.447083486,1.584987781,1.685710341,1.891079819,2.02423789,2.466935523,2.826623887,3.329081249,3.911750297,4.833459354,5.837391476,6.632065148,7.758729066,8.129434523,9.073995098,9.201640531,,,
Benin,93.70324086,94.96484833,94.85183513,94.98880117,94.97503519,94.77198722,84.14596757,80.62643185,79.56843189,76.9054247,70.28899198,66.85370117,64.03772072,61.73019321,60.69054957,59.19080917,57.302921,54.48609571,54.75762224,52.82784348,48.1172541,49.4518136,51.14601561,52.71099969,52.53798821,50.86261794,,,
Burkina Faso,93.15806029,93.25382296,93.29009799,93.47999276,93.60809416,93.14020004,92.15659354,91.39095485,91.01254906,86.85491661,85.4050025,83.6759129,79.34135094,79.07897108,83.52805966,86.54367413,84.61568101,82.42881695,82.93988509,83.59720868,81.45402374,80.5721976,77.17503674,75.42696802,75.24264911,74.16718786,,,
Bangladesh,71.6649713,73.15966732,71.66070373,70.55712302,68.97990719,63.80280917,62.1240766,59.97285612,60.23397129,60.53439575,59.00848427,55.79384213,54.32211192,52.63786238,52.12359365,50.7759641,48.90239769,47.48291615,45.58141547,43.68911699,41.05084179,39.43785524,38.61267863,38.76048127,37.63448349,34.74706901,,,
Bulgaria,1.916848509,2.250552832,2.681073481,2.467834604,2.380942269,3.106707196,3.546340551,3.809662787,5.889736549,6.627507829,7.983176683,7.284526174,8.733318915,9.164047114,9.601410312,9.89133044,10.00376331,8.870486173,9.950698837,11.66017379,14.3675278,13.27702936,15.75145216,18.15701907,16.96662481,17.65007793,,,
Bahrain,0,0,0,0,0,0,0,0,0,0,0,0,0,0,0,0,0,0,0,0,0,0,0,0,0,0,,,
"Bahamas, The",0,0,0,0,0,0,0,0,0,0,0,0.449767772,0.415960383,1.688629142,1.704699774,1.836391251,2.168172692,3.706604608,2.146393822,1.915094489,1.65566802,1.426272685,1.18468573,0.843903144,1.088802769,1.210512884,,,
Bosnia and Herzegovina,7.300098695,8.759514761,11.57373703,14.60941503,33.38614494,33.22296632,32.8526732,27.59825743,26.73914622,28.43107732,19.35300602,20.27413108,21.21463539,20.14059236,20.10019147,19.7354797,18.12465907,14.84060655,14.27801053,17.43482699,19.56884689,14.15822839,15.27916627,19.47739656,41.74546278,40.75006023,,,
Belarus,0.817357745,0.898691698,1.047870378,1.251142467,2.070323489,2.527815888,3.101309874,3.393372875,3.640444439,3.975864008,4.982605158,5.52647284,5.762729128,5.597988627,5.655517318,6.153239941,6.488678526,6.622275694,6.487347262,6.778641202,7.016370184,7.378483424,7.249393996,7.009208669,6.634180601,6.770869532,,,
Belize,38.01163269,32.44136066,36.28913576,35.5951813,34.08094643,34.92029263,42.68214743,36.65767999,35.32468636,35.03215104,34.55258952,29.6083937,31.19301381,30.17495297,32.01770938,31.01284057,36.80160928,32.31068833,34.06292214,26.61718863,33.7103437,31.02376044,37.11449396,34.6588617,36.90616801,35.0236296,,,
Bermuda,0,0,0,0,0,0,0,0,0,0,0,0,0,0,0,0,0,2.360273122,2.277817029,2.608358993,2.39176852,2.316647053,2.135004665,1.928165793,1.994798608,2.359588007,,,
Bolivia,37.35900159,38.28154192,37.05265001,37.23544482,35.51942717,33.53601083,33.13726748,32.76115986,31.40213607,31.54482026,27.39057224,28.31460635,27.73588747,26.08480999,24.50797649,23.47907528,22.55407157,21.52959584,20.50598261,19.99222073,20.0699703,19.28839817,17.9232292,18.63526119,16.8179625,17.53818183,,,
Brazil,49.86467493,48.93816849,48.70118267,48.19908801,48.35000852,46.13435665,44.53288239,43.72510837,43.86157674,44.09727587,42.79877399,41.47787881,43.02456209,45.30866138,45.38996097,46.34794058,46.90506004,47.41762519,47.26330741,49.11372304,47.00666157,45.46855053,43.6207953,42.44784254,41.84187872,43.7903892,,,
Barbados,18.94217652,18.48372623,16.98044176,15.11609015,15.11254959,16.03426018,16.80691101,16.40233393,12.13985672,12.81090636,13.62129553,12.28920655,11.06937967,9.947794351,9.929891519,9.907093465,9.903067874,9.710463916,8.628636507,9.380154784,9.031334484,4.584401714,4.132185058,3.400369191,3.156616954,2.786358206,,,
Brunei Darussalam,0.671759471,0.432168224,0.205761341,0,0,0,0,0,0,0,0,0,0,0,0,0,0,0,0,0,0,0.01583074,0.014790792,0.013528143,0.013976191,0.014935036,,,
Bhutan,95.89885217,95.91993814,95.28749205,95.85807466,95.29096375,94.37174975,93.24002063,91.35006424,91.53147094,91.56562294,91.39804294,91.74846899,91.20076088,91.91666116,93.45288447,91.66008274,91.92134946,92.18682668,91.99947653,92.60601762,90.89041792,89.60533207,88.04230639,87.03783621,87.025618,86.90454832,,,
Botswana,47.58463784,48.0827464,44.7082734,45.88542832,48.27315242,47.17403519,44.68880765,43.99899594,37.39760141,39.83467004,36.55527024,35.66621267,34.24983847,34.22901582,32.12284439,30.76437067,29.36829786,27.66677971,27.1607735,28.27674239,30.18609325,29.99679664,29.74852595,29.21884894,28.80052102,28.87982699,,,
Central African Republic,93.49428096,93.75224827,94.1078509,93.81461505,93.18763868,93.04622541,91.66483327,91.85804071,89.01755746,85.40948207,85.07342559,84.86031624,84.86031624,85.53125101,85.64597186,85.65289937,84.79723858,80.85728582,80.58303962,80.57925792,79.81060354,78.76716705,78.02788666,77.07997749,76.90304119,76.56702001,,,
Canada,22.02075369,22.19784052,21.92998463,21.80305888,21.69269302,21.92357632,21.57923752,21.31115038,21.52403671,21.70508086,21.51040106,21.00867869,21.76983695,21.18307873,21.58139664,22.24852785,22.08874861,22.12619174,22.52531404,22.70125736,22.08098938,21.96541861,22.61025847,22.37967975,22.02465154,22.02535921,,,
Central Europe and the Baltics,4.142354367,4.795173966,5.380893478,7.214146459,7.501036318,7.766528621,8.3461269,9.000474729,9.469545978,9.735863096,9.874942172,9.768761606,10.08856305,10.1899921,10.71347728,10.89655368,10.74478605,10.96592772,11.84204946,13.36929212,14.5383552,14.74094767,15.68512666,16.6491391,17.04124349,17.12189336,,,
Switzerland,17.12391004,17.47275048,17.29862548,18.3554219,18.69457381,18.06594965,17.11697875,17.8231175,17.50425118,18.80686907,18.63012414,19.19619247,18.69186012,18.56090731,18.64231442,19.31090915,18.65681068,19.93005169,20.24202047,20.75387289,21.46036384,21.55703291,22.95850279,22.99251967,23.41814723,25.29198368,,,
Channel Islands,,,,,,,,,,,,,,,,,,,,,,,,,,,,,
Chile,34.02687057,37.27277893,38.61766187,35.77039777,34.81768392,34.16752513,32.2306623,29.9535581,29.74520658,29.05420071,31.36150999,32.14603397,33.06927423,31.61387155,31.43409229,32.26216584,32.90714332,30.46310654,30.82746096,31.52545784,27.04274094,28.79008756,30.30273423,30.17723846,26.71709933,24.88255427,,,
China,34.08361405,33.25847354,32.9312779,31.6777918,31.24948417,29.47211139,30.53717546,30.18348168,29.73990148,30.50604898,29.73071484,28.45581538,27.09820152,23.94657959,20.24947926,18.20381865,17.09461008,15.34937114,14.60199657,13.91196227,12.88431031,11.69579699,11.96856703,11.8381669,12.22382301,12.41335257,,,
Cote d'Ivoire,73.58234924,74.01566246,74.55874065,75.12672124,75.6065175,74.88260302,74.0417289,72.13514374,73.44730424,61.93084644,63.71597425,64.72613509,65.32070192,70.31969584,75.51890533,78.06971387,74.91404094,76.44510009,74.31726247,73.67293672,75.37014337,78.89574715,74.90455645,72.57985296,72.22378455,64.52802565,,,
Cameroon,81.59313508,83.18955405,84.43451203,83.93664356,83.60941782,84.47740331,84.93784566,84.57694782,84.37656838,86.12991655,84.48261803,85.19563992,85.2123084,85.24719298,85.46386407,86.2274527,85.4250299,80.71356365,80.71410907,79.09346479,78.60423417,78.36926213,78.04783832,77.61457827,76.97539079,76.53840041,,,
"Congo, Dem. Rep.",92.04773164,95.13881223,95.87523399,96.11327319,96.60913014,96.89567523,96.96158323,97.05855877,96.84997164,96.99702559,97.93995991,98.34260209,98.2700355,97.9716731,97.88228238,97.42185918,97.33286455,97.17172342,96.96544148,97.01889107,96.82782153,96.24517537,95.52836866,94.01274826,92.87131108,95.81769971,,,
"Congo, Rep.",65.41378681,64.5626788,67.60286909,68.41274896,76.47094224,69.79578171,75.40966863,80.1529571,79.73475522,76.95472981,64.85336209,61.17511056,68.62921109,62.2114204,63.24141778,63.49459467,69.69289262,60.67788048,57.21898458,56.38771547,55.14974864,64.94712294,65.51149304,62.68742746,62.3963358,62.40211902,,,
Colombia,38.25119669,37.00122769,33.22753559,33.20478787,33.97223636,33.69990182,33.77539831,25.80034772,25.93868376,29.13546988,28.02566208,27.22950143,28.78665152,30.68581769,29.16461133,28.72562126,28.98021856,29.66092561,28.95924085,29.55461041,27.93153502,26.78103662,26.64429131,24.47048951,24.44180909,23.56475752,,,
Comoros,49.83857352,50.71266095,50.24473258,49.95204542,59.95919562,59.54349639,60.80219237,59.78107979,49.9613506,49.59409627,48.25214947,47.95253101,48.44577026,42.86829089,41.83582709,44.28195845,43.37189336,50.10937624,50.94786554,49.81909865,46.40799751,47.79395348,48.00765026,44.08142649,46.61559093,45.33305239,,,
Cabo Verde,36.63404152,38.08533877,37.96103481,39.48194536,40.41188863,39.07864583,36.16141185,36.57975968,35.25363963,31.17120826,28.97823798,28.18494785,27.8617878,35.25027922,33.96054854,26.61267706,25.07135427,24.96403964,27.61189804,26.16168689,21.73605211,21.62045107,24.40388395,26.12546743,26.19642302,26.5797159,,,
Costa Rica,45.3807809,44.68947084,35.02787271,36.25917298,35.80152388,34.97356676,36.65421713,33.56391353,28.89051122,29.89049818,32.94784251,32.10903282,32.65263212,33.65982075,39.49662543,42.06059781,42.26487659,42.843379,43.13020527,42.26680959,42.31125269,40.50212372,38.62385459,38.07484182,37.84254113,38.73341388,,,
Caribbean small states,10.2737893,9.039717002,10.34423691,11.66950925,10.7381554,11.08023687,10.96145226,10.84763052,9.644562035,10.02747744,12.38808046,11.61727331,12.31305432,12.00468896,11.66159747,10.31836722,10.15724158,8.46025855,8.737164412,9.611623269,9.096342072,9.670547038,9.408054552,8.681161024,8.548252869,8.825976767,,,
Cuba,42.8902011,47.17417518,51.31063637,46.86792497,45.77703154,41.25462639,41.42907161,36.81811856,34.82274699,33.71908331,34.43082042,34.05064651,34.81082932,33.57159125,33.77568403,26.31836392,21.9680514,18.59356034,18.73183547,16.12421036,13.15763195,16.68021184,17.10235036,16.88796521,18.79844289,19.28132064,,,
Curacao,0,0,0,0.096968998,0.081382537,0.080581862,0.081862977,0.081762955,0.078676188,0.075462531,0.072376341,0.27880796,0.266924824,0.271912927,0.266028625,0.260307721,0.254083166,0.245525806,0.241213546,0.248549943,0.243917905,0.241650877,0.357017933,0.355516897,0.348989719,0.347766268,,,
Cayman Islands,0,0,0,0,0,0,0,0,0,0,0,0,0,0,0,0,0,0,0,0,0,0,0,0,0,0,,,
Cyprus,0.495929367,0.365810347,0.34709919,0.334859875,0.723186986,3.35429847,3.357069083,3.294070781,3.262168212,3.226642523,3.096656827,3.047474962,3.176415342,3.257164098,3.304328057,3.364850973,3.514238327,4.355311326,5.493663997,5.978516167,6.353225599,7.415751985,8.338900172,9.495930361,9.363295684,9.942066016,,,
Czech Republic,3.571507027,3.97518245,5.900118202,5.817441516,5.907756675,5.302877728,5.241574228,5.648484534,5.966940712,6.477149481,5.941129661,6.286779916,7.275512199,6.723767201,7.114114965,7.512847343,7.858287725,8.292580278,8.955101345,10.21416204,10.91771998,12.12060346,12.76281601,13.92371891,14.83074209,14.82856195,,,
Germany,2.098033775,1.988632809,2.062621895,2.110931085,2.266202061,2.319748996,2.252173834,2.824421822,3.045118906,3.263712146,3.70043759,3.89967279,4.412636787,5.058467425,5.825244433,6.764551009,7.753224656,9.406587903,8.592248257,9.63006157,10.29351964,11.39435591,12.01513573,12.08907875,13.37887823,14.2062527,,,
Djibouti,26.59282984,27.205443,28.17450585,29.05074092,30.95444828,31.17413291,32.02656213,31.55959518,31.94989459,32.6810786,31.44321909,31.67507575,32.44465089,32.8812777,33.62121202,33.09458499,33.00677657,32.52392592,33.14345831,33.31297992,34.43334712,34.44418956,34.06582999,34.01482168,34.15104745,15.38059522,,,
Dominica,14.60310056,14.50519587,14.4936266,13.63053081,13.52708613,15.64742183,20.84830851,15.51731238,15.00513746,14.07680977,11.03438624,9.385703609,13.57514728,10.53800289,9.992137618,9.598865134,8.635726645,7.746908726,7.458132913,8.163871468,8.910212018,11.47552161,9.732876925,9.880580289,8.611797666,7.82979664,,,
Denmark,7.041559801,7.070898966,7.747445467,7.701496592,7.330399327,7.512178032,7.2611811,8.102729547,8.517843392,9.066353468,10.73720082,11.12359996,11.86587915,12.72030738,14.44906977,16.12639783,15.26712374,17.70092817,18.54925469,19.34276393,21.35483646,23.89896727,27.28195688,27.3428386,30.27163128,33.17027717,,,
Dominican Republic,28.01157941,28.16324308,25.35685792,26.848086,24.43897354,22.3363448,20.31094881,18.2511336,19.751092,19.53729021,18.42361063,18.47771494,15.91488943,18.67395827,20.54181092,19.33479238,18.43070758,18.21930595,17.93756023,17.55006763,16.97540917,17.24293489,17.04545885,17.50936425,18.01902034,16.48010921,,,
Algeria,0.177228303,0.323692176,0.289771221,0.476341507,0.403959587,0.422480315,0.389526171,0.472147669,0.544070942,0.51001769,0.42737224,0.427684984,0.514766169,0.46909239,0.441740736,0.584727487,0.408727369,0.41140925,0.298765662,0.311808049,0.258071762,0.177339472,0.188181413,0.140451785,0.068640475,0.058958684,,,
East Asia & Pacific (excluding high income),36.99579259,36.30176645,35.94393617,34.56523412,33.91171707,32.15986855,32.73566458,32.24645772,32.13984743,32.44344259,31.86379539,30.62113556,29.49171049,26.81217588,23.38189281,21.51204478,20.44504538,18.85972645,18.203902,17.60693856,16.47181744,15.45679224,15.76478738,15.57017503,15.85261291,15.86116048,,,
Early-demographic dividend,37.07110227,36.58466256,36.46944937,36.13207709,35.07647216,34.63197346,33.87787484,33.31855537,33.11779091,32.57656534,32.18641515,32.12145824,31.50532322,30.98095385,30.10279552,29.48651521,28.85286647,27.85972034,27.26458499,26.89604553,26.481427,26.29279254,25.93000266,26.17588925,25.6079937,25.55484489,,,
East Asia & Pacific,26.19625392,25.76581137,25.32860556,24.58547492,23.86137481,22.90300025,23.01284208,22.80591338,22.9490118,22.73110805,22.26304182,21.55355446,20.91659822,19.59033676,17.71104472,16.59715976,16.07571092,15.03989166,14.75164434,14.45428507,13.72944677,13.0737015,13.37594046,13.34313461,13.75344205,13.85760268,,,
Europe & Central Asia (excluding high income),4.042819308,4.145023349,4.481847481,4.868275882,5.008815491,5.125245628,5.430068338,5.662971842,5.720263257,5.83346717,5.561220636,5.446104829,5.460404931,5.31927245,5.639118136,5.706123042,5.563458076,5.482065683,5.363498903,5.947408003,6.043999224,5.563512562,5.806630061,6.38323152,6.15118411,6.478533004,,,
Europe & Central Asia,5.706920065,5.86878714,6.226813534,6.642125243,6.871973658,6.957094392,7.074421838,7.370365559,7.494509555,7.551475963,7.635816336,7.641022567,7.581176065,7.64993882,7.924246728,8.225736647,8.480539565,9.009264358,9.358635476,10.36446899,10.83314807,10.72269118,11.55027358,12.31829612,12.6175816,13.07308474,,,
Ecuador,24.19854913,24.1630989,20.80035871,21.61848328,20.85316821,20.35412872,19.29146026,16.54279275,18.19074897,21.05577975,20.03302979,18.43283475,18.05823962,17.97048489,15.97197196,12.16311542,12.97149152,12.80813413,15.08900112,13.29950509,12.1066394,13.34571557,13.10009793,12.67573312,12.21813952,13.81668594,,,
"Egypt, Arab Rep.",8.50246618,9.052034733,8.715058342,8.839282691,9.82896842,9.00303479,8.678075881,8.3447404,8.248502183,8.559742102,8.101748497,7.706704776,7.259600266,7.386988697,7.543858321,6.491867114,6.233979494,6.092949183,5.969927859,5.762878613,5.724101953,5.5846389,5.554171218,5.707898094,5.866044914,5.709377265,,,
Euro area,6.499471929,6.70947241,6.79844098,6.907459116,7.122787177,6.957956974,7.080832013,7.231070627,7.294971874,7.33186584,7.519149686,7.705223621,7.55879387,8.027852889,8.233749444,8.51943947,9.249338897,10.33718755,10.89827248,12.10542351,12.83308817,13.07253648,14.3305386,15.17948448,16.0443469,16.0832622,,,
Eritrea,,,89.82007496,83.56583446,80.09388036,77.89126842,76.37714613,77.60116716,75.0037673,76.12965999,76.78294418,74.84507415,74.82740811,75.04375271,70.09946258,74.85983684,78.56224438,80.02334858,81.89847013,81.80609533,81.24659878,80.75144845,80.22989797,80.23314394,79.9301497,79.7674723,,,
Spain,10.54443118,9.921293468,8.220908383,9.079810066,9.241375679,8.264567068,10.06199181,9.154295862,8.941412249,7.681655092,7.884334625,8.933448599,7.415104871,8.899923929,8.032087626,7.289816473,8.47220721,9.005387929,9.737202935,12.21794729,14.39578579,14.74592653,15.77095021,16.9499657,17.3517358,16.25409774,,,
Estonia,3.356078624,3.526222823,5.906591687,6.705185471,9.285196116,12.32338571,19.54482955,19.73990197,17.74648609,20.0693577,19.83711902,18.94126549,19.41578204,19.82999649,19.98714551,18.86123791,17.16307921,18.56525198,20.18899548,24.0887687,25.12989194,24.98354179,24.90855886,24.47524489,25.32605914,27.47683347,,,
Ethiopia,96.63538677,96.71128918,97.74041451,97.19865822,96.88388584,96.62013956,96.35197819,96.22085637,96.10024144,96.18948969,95.95322791,95.07856408,95.01673159,94.74581801,94.65854624,95.12657887,94.94232726,94.57412114,94.51607097,94.60484215,94.51739029,94.01290641,93.75025898,93.00085661,92.06765188,92.16346114,,,
European Union,6.12810327,6.346627887,6.615878787,6.969825634,7.083874504,7.117134177,7.157578998,7.526038844,7.635616812,7.619976821,7.920314153,7.902070715,7.852853851,8.156968957,8.424393095,8.830919694,9.387043938,10.31284175,10.98934107,12.19764634,12.96002943,13.33735643,14.48796354,15.30709158,16.22013856,16.56111224,,,
Fragile and conflict affected situations,54.10392562,55.20121528,54.30278403,53.1951645,53.00556243,52.36526397,51.59610615,51.75511235,52.81222486,51.98593229,51.94015955,51.78476549,52.58735115,54.52879817,53.60967334,52.74728294,53.19559824,53.01568448,52.4731825,52.35844534,51.48741915,52.43488134,49.94776808,50.26118658,51.73357649,53.68924484,,,
Finland,24.50843148,24.02701841,25.1233986,26.00353667,25.13194022,27.26640999,26.87055152,28.82844554,30.49796922,30.2360817,31.6654966,29.23751726,29.51055909,28.34380294,31.08881395,31.51334983,31.24329278,31.79294837,34.7310271,32.59873157,33.58206418,35.25797986,38.80266701,38.47970587,41.23524065,43.23526259,,,
Fiji,53.09400578,60.06656714,58.58567621,59.00613691,63.77672905,60.06116039,59.71412872,54.96202209,49.79259898,56.05448416,52.87580823,45.15542407,51.29542075,45.82400906,38.95259112,43.60480534,41.40969268,38.03799773,45.54938428,34.98531728,29.61248725,33.92513188,32.7872442,36.41806208,34.57182093,31.26394709,,,
France,10.40801913,11.01222193,11.25820176,10.86013257,10.93448888,10.70140869,10.49495357,9.985453187,9.709285885,9.779014352,9.256000137,9.395220909,8.668755527,8.847554419,8.887711893,8.596912157,8.460112829,9.321328315,10.47323036,11.22200621,11.8458733,10.91369044,12.37295876,13.47737443,13.34702464,13.49926232,,,
Faroe Islands,2.544771435,2.728308099,3.105643723,3.051959953,3.150943502,3.21403055,2.70580242,3.259648044,3.140740852,2.792078116,2.771997552,2.560085135,3.401993387,3.106530723,3.418274054,3.840075699,4.301223088,4.5440842,4.506541534,5.123149803,3.377679026,4.997063916,4.700881155,4.322601404,6.535815103,7.513580492,,,
"Micronesia, Fed. Sts.",,,1.461362285,1.551318982,1.478206168,1.405025253,1.491529559,1.4925617,1.556929335,1.226794953,1.192353649,0.800957397,1.017104329,1.024228913,1.042278715,1.10106392,1.25392354,1.209981341,1.350394967,1.146705141,1.500334041,1.427523894,1.322910871,1.24930742,1.157990361,1.196237862,,,
Gabon,78.28066537,75.15044417,74.78172263,73.80512252,72.89299679,71.94392004,71.48673745,69.97319613,69.66973571,71.34133842,72.77910829,72.42046183,79.81143402,83.62679971,85.77170893,85.24018152,86.1520426,87.34523504,87.37661781,88.09575358,85.88337354,79.76859843,75.51430637,82.22761468,81.35160969,82.00784369,,,
United Kingdom,0.651133978,0.608264131,0.840737796,0.775204971,1.021428484,1.060229099,0.943586897,1.028479689,1.029704324,0.948917657,0.961901516,0.852867466,0.970071248,0.934980337,1.13725833,1.352279738,1.553919991,1.839650772,2.782791914,3.383031663,3.638918262,4.401118621,4.751257619,6.015780949,7.395220456,8.711685574,,,
Georgia,12.77399758,14.11875079,18.54205164,26.02618776,22.7022876,46.39465091,42.75395574,44.36379605,47.52898403,49.66308742,47.25427953,53.14582182,56.75800111,55.3320075,54.53065395,41.48161199,37.21764889,36.22444801,36.30216374,36.72040611,39.14857299,31.53766065,28.69262327,34.97923359,31.89297634,28.66253881,,,
Ghana,80.62642197,82.92837888,81.00123289,81.29729113,80.55763554,79.78934678,78.82919725,78.33904479,73.57807149,72.78388842,71.61675588,69.31490977,65.67532707,64.46764194,62.37343975,61.42590768,58.55837583,54.52820098,55.86243165,49.9081594,49.77878626,48.01109666,44.48368438,44.04296471,45.04949208,41.41279431,,,
Gibraltar,0,0,0,0,0,0,0,0,0,0,0,0,0,0,0,0,0,0,0,0,0,0,0,0,0,0,,,
Guinea,89.29714418,89.40823443,86.33088557,86.17826883,85.94983491,89.93027027,88.83626377,85.30773458,84.35999679,86.31689695,85.61936089,84.93259576,84.37646264,83.46498328,83.1863089,81.56374457,81.0622721,80.36471216,80.14862445,79.25049428,75.70907041,74.74868466,76.36784822,78.53290664,78.51787531,76.26839132,,,
"Gambia, The",61.44186978,61.80167206,62.93559354,62.67979763,60.98352682,59.57769467,59.07476518,58.19181491,56.93436054,55.8153443,63.13448556,59.64007843,60.6791529,60.47483809,59.84585752,60.03764144,59.2738215,56.7311878,55.74622259,53.40385892,54.70514883,54.15786592,54.21838668,56.64222686,51.93079476,51.50886249,,,
Guinea-Bissau,88.57960543,88.57252229,88.51385297,88.03747267,88.52340019,88.55112113,89.40361011,88.36343874,89.01921391,88.05840681,91.23772485,91.20715817,91.03682145,89.04779005,88.5528656,88.52678113,88.28714797,87.9049052,88.42034491,87.89475186,87.80712886,87.71512515,87.60635625,87.42242388,87.06001713,86.85179394,,,
Equatorial Guinea,84.71085961,83.95967834,84.00681275,84.45892842,83.68956438,82.48286631,76.74822553,66.02912993,68.01762394,61.8190192,52.57802237,24.10411993,15.38971821,14.82639984,12.3169889,7.858435985,6.634271745,5.684561579,6.312481341,6.09888921,5.951101818,5.644318235,5.352098458,5.958178976,7.643274898,7.822799777,,,
Greece,7.806882299,8.316861357,7.899382836,7.994609524,8.037282969,8.311389769,8.209182043,7.8340383,7.380368096,7.834060225,7.52078501,6.813729634,7.015577532,7.282685287,7.539981331,7.72374229,8.211680139,7.918628933,8.10995865,8.920028783,11.09298261,11.08831581,13.85937775,16.29381751,16.08579272,17.17004755,,,
Grenada,8.342131789,8.106446363,7.737627143,8.074689475,7.430736491,7.41831073,6.146773411,8.325807873,10.11058554,10.29564426,10.47376111,10.39724888,10.43803076,10.4121339,10.54073749,10.5432173,10.34199285,9.877676202,10.66172667,10.4431309,10.49634586,11.23748427,11.3438088,10.88576513,11.07681462,10.91957215,,,
Greenland,0,0,0,6.140920374,14.04071386,13.32327375,13.28639236,12.51043999,12.82447149,12.35913462,12.19859542,11.70101562,12.91119691,13.63657202,6.339543559,6.641492752,6.897719127,6.681680007,6.668684026,8.590341183,9.829419013,12.21902684,12.16522458,13.30346347,14.90047601,15.53381651,,,
Guatemala,74.96532992,74.25517348,72.28554101,69.92344712,68.49048572,65.14275077,65.72537786,65.30400269,62.03969591,64.60552182,62.74294001,61.39476289,60.5350622,59.0106107,57.55293029,57.32634596,57.90344424,57.03256138,60.784779,58.30268259,66.58523597,66.41722638,66.2193653,64.97796498,59.90100231,63.65099179,,,
Guam,0,0,0,0,0,0,0,0,0,0,0,0,0,0,0,0,0,0,0,0,0,0,0,0,0,0,,,
Guyana,42.2339423,33.30546197,42.46382348,44.42552202,39.70794807,38.38139979,38.60819361,36.9338793,34.65207317,35.74764476,39.50352144,40.31808249,43.24303477,43.40329429,44.48829047,43.36353838,47.26624608,35.98181292,34.53650759,33.70252495,33.84141565,36.30064763,28.25642628,26.26672787,24.01520131,25.25872772,,,
High income,6.429866803,6.616168925,6.728047715,6.651167626,6.49628391,6.801567601,6.753655448,6.75268674,6.82135385,7.251801003,7.218439559,6.867752644,6.948744692,7.198101484,7.35519401,7.61823062,8.021504659,8.248749854,8.754832617,9.313333386,9.577176825,9.950581355,10.43266216,10.79731093,11.0149873,11.18303681,,,
"Hong Kong SAR, China",1.073856299,1.041433078,0.888650756,0.898034879,0.805322432,0.837325883,0.858603628,0.842976092,0.618445885,0.52505826,0.597431642,0.602489701,0.684346968,0.696847292,0.753486432,0.759139399,0.744006616,0.700369495,0.723819906,0.649481505,0.834900884,1.065135915,0.824365082,0.901276843,0.858141923,0.852783452,,,
Honduras,70.12908225,70.20188484,67.74912406,66.72504953,63.94686672,62.96969789,62.63058615,65.38147506,62.87304503,53.76411139,55.12760621,50.54400519,49.56291452,48.45273865,48.19214213,49.80780904,51.57203715,50.13152483,51.15814901,52.5970072,53.15536469,51.96953753,48.77768569,49.76716726,54.04094179,51.53741358,,,
Heavily indebted poor countries (HIPC),85.9912633,86.89931278,87.42442983,87.93539944,87.48702646,87.20036198,86.95047037,86.32924161,86.13676405,85.48324156,85.52761274,85.27138734,84.76101875,84.4987455,84.19905108,84.17353307,83.50752724,82.4918996,81.88628671,81.19703375,80.19857062,79.36152632,78.00915879,78.12236052,77.97924264,77.23991042,,,
Croatia,21.92317971,33.35454151,29.81103336,29.89999015,30.09833466,30.38452744,34.12650443,29.21115068,28.11439946,27.81084184,26.78818026,26.94549835,24.63118245,24.8401387,26.58523781,26.8368897,25.51721578,22.67215589,24.15591135,27.17825646,29.77504731,27.18623939,29.42194887,32.8375106,33.64819127,33.12746664,,,
Haiti,81.1195732,81.69235366,83.42712044,84.60971336,95.03960073,81.31914933,82.18016366,80.58819682,79.30019636,77.06392289,76.04014456,73.88468095,74.75197609,74.92265162,71.28993129,76.8986823,77.01263141,75.55910152,75.76546916,76.87040998,79.02484324,79.00636972,83.16109801,82.33475811,78.39123834,76.07221323,,,
Hungary,3.856669561,4.27666391,4.886103146,5.046239461,5.106918467,5.417597575,5.143343973,5.23053173,5.188747806,5.158472171,5.166111848,5.121124405,5.166033218,5.009128394,4.628674222,4.664768951,5.364128636,6.140332595,6.755189413,8.399154789,13.45602883,14.74299174,16.46520462,17.19638871,15.67454982,15.55936205,,,
IBRD only,23.09721579,23.22489471,23.85514004,24.11384616,24.6151538,24.19694143,24.57351576,24.53820171,24.71517652,24.84314117,24.47108237,23.94994538,23.60893334,22.61088586,21.26198944,20.5171386,19.96024308,19.08974296,18.60881697,18.54730749,17.87071752,17.16169574,17.24556909,17.27477657,17.27294405,17.40521055,,,
IDA & IBRD total,27.60403355,27.80415288,28.6208945,28.95262554,29.64889857,29.34648536,29.80237771,29.76941001,30.0040947,30.18444372,29.92296174,29.51323441,29.22308252,28.23373837,26.79917132,26.04767344,25.43565376,24.49310338,24.03292093,24.10990786,23.35717689,22.64060932,22.65135153,22.7482989,22.73420923,22.87595835,,,
IDA total,65.06012818,65.52117124,67.10667863,67.77522984,68.92491668,69.23655593,69.04152664,68.48408222,67.61587337,67.38242945,67.6561181,67.3380147,67.1298796,66.87075265,66.75528045,66.65690075,66.49552388,65.80551362,65.9668864,67.15675836,66.79086742,66.12912063,65.89273147,66.92340125,66.53051165,66.37225021,,,
IDA blend,55.82800158,56.20568472,57.50960185,57.71190474,59.12275877,59.68690353,59.89776051,59.57357646,58.51639024,58.2391773,58.77740876,58.63108476,58.55469278,58.54900598,58.701055,59.33244338,59.42590864,59.03944894,59.70454068,61.70022797,61.84476573,60.90463243,61.39227097,63.05442124,62.687211,62.85339082,,,
Indonesia,58.59753114,57.82874174,56.82076894,55.4330117,52.81378848,50.09815781,48.75037997,47.08737494,48.29961688,45.07867761,45.58150099,44.30833333,44.63581086,42.97783588,41.42415303,41.44568581,39.93704821,39.96935654,40.15875348,38.97047862,37.75342034,38.22547215,38.23365734,38.10645359,37.45426835,36.8793481,,,
IDA only,75.45407232,76.12405483,78.0705832,79.54491038,80.2037842,79.77896785,79.04667652,78.31989831,77.71697434,77.62700309,77.44913376,76.86376903,76.52904482,75.98433012,75.46826084,74.35693926,73.82756138,72.7823476,72.35043257,72.50971919,71.6326321,71.30988048,70.50548726,70.71043699,70.19819366,69.74193936,,,
Isle of Man,,,,,,,,,,,,,1.48204072,1.115115245,8.814146825,5.093085995,5.752039757,3.341133807,3.397279137,4.25031779,4.047555187,4.386401977,6.427508213,3.737466021,3.812707071,4.20758973,,,
India,58.65285835,57.60479334,57.23056748,56.98336334,55.55718746,54.484117,53.7674097,52.4880731,52.71225571,51.7172937,51.57934762,51.78721923,50.56944266,50.84279906,49.72402461,48.57530875,47.44372171,45.86780352,43.63288301,40.77082759,39.48150873,38.93174021,38.39089015,37.84984118,36.65183786,36.02122257,,,
Not classified,,,,,,,,,,,,,,,,,,,,,,,,,,,,,
Ireland,2.279781342,2.229175901,2.158728425,2.107048335,2.175584613,1.922436471,1.934751442,1.9007389,2.27773144,2.056848,2.034167233,1.97160804,2.246424848,2.013803863,2.313448594,2.889906401,3.203652638,3.556367276,4.153371219,5.246756479,5.273538143,6.709364607,6.618548611,7.404766881,8.520669791,9.081399013,,,
"Iran, Islamic Rep.",1.238359584,1.226917409,1.44947072,1.528147068,1.086965059,1.0180873,1.032272155,0.898423541,0.841574849,0.585858647,0.438389902,0.517141087,0.663690999,0.829586856,0.73776094,1.400793048,1.398239373,1.301536224,0.702090315,0.781922794,0.897453786,0.916869396,0.934277506,0.995531841,0.939119651,0.913005057,,,
Iraq,1.596326357,0.746342013,0.490534585,0.389340087,0.357378714,0.373227147,0.350157932,0.362383357,0.390140044,0.384234168,0.363571952,0.352055214,0.323986058,0.358040206,0.360068906,2.303329117,2.554006468,2.032616968,1.185129437,1.237633917,1.709637055,1.074336558,1.26387438,1.368784009,0.91210465,0.798830769,,,
Iceland,54.67215495,54.78742376,54.63326131,54.65954212,54.13755312,55.65071671,52.25319555,54.88195631,57.21244566,59.81767631,60.66047706,62.11936348,61.84319625,61.88160482,61.80698855,62.46559957,64.01584575,66.7515976,73.46157031,74.12387755,75.41969184,76.45085366,77.34468142,76.21949595,76.33887098,77.02968921,,,
Israel,5.800245158,6.025400839,6.244880714,5.891055897,5.649078182,5.43627427,5.446613082,5.697907803,6.074627123,5.868728881,5.970640521,6.297686075,6.517739749,6.520650315,6.713898323,7.000401125,6.82470273,6.650404241,8.822178689,8.417051651,8.503355,9.021751467,2.686302925,3.319186866,3.680132349,3.707766913,,,
Italy,3.781463481,4.66941317,4.839463242,4.771495295,5.248022105,4.462278337,4.748913895,4.831419767,4.757625432,5.022459784,5.119514798,5.382566849,5.596669925,6.240586709,5.935948542,6.702639079,7.512564041,8.731729747,10.8233493,12.53975273,12.794093,11.90494027,14.39164897,16.32088504,17.09035884,16.51685058,,,
Jamaica,7.633355058,7.693223527,8.675913055,10.54331528,9.25980061,10.77960641,10.12420147,10.29331271,9.371866014,9.331297862,11.90213459,11.15100316,12.73327188,12.99683124,11.47821437,11.32283422,9.309198472,9.497792373,10.76368448,14.04097406,13.71996666,13.88479775,17.03903942,15.75997884,16.11678991,16.77190746,,,
Jordan,2.765358064,2.882681815,2.533882567,2.527654423,2.335692389,2.220038422,2.192558596,2.139881015,2.201988402,2.179028583,2.084113358,2.119358969,2.087283835,1.979978495,1.828625919,1.687983878,2.282069258,2.327651566,2.74218407,2.783594185,2.973125599,3.027530759,2.939058732,3.150749899,3.130551865,3.229170042,,,
Japan,4.550664024,4.730569218,4.197714901,4.435606712,3.567645778,3.917188521,3.839358437,4.072127493,4.045356051,3.828786576,3.916108019,3.73677736,3.695374373,4.079025011,4.013757492,3.65447331,4.029363809,3.752731799,3.983866936,4.035613662,4.585529562,4.693602259,4.533085434,4.91215213,5.625025887,6.297357081,,,
Kazakhstan,1.407717208,1.287376689,1.174517705,1.343463434,1.834412599,1.575746043,1.633778692,1.671015281,1.536731318,1.788634985,2.505037491,2.410000186,2.773657943,2.284796643,1.888490886,2.094401363,2.127061349,1.833245667,1.153802847,1.305589862,1.382363385,1.381919538,1.32774976,1.165225302,1.305655116,1.558442912,,,
Kenya,77.5040046,78.82613152,79.44379516,80.20642471,80.83032369,79.51198685,78.73470094,79.53796915,79.67732846,79.45869997,79.03537161,80.23601499,80.54352768,83.18299028,82.27362614,81.22574422,79.76778456,80.26257842,80.47635004,78.14866866,76.27312323,77.0836394,78.49761951,77.13674631,75.5181686,72.66275251,,,
Kyrgyz Republic,7.927699743,9.017271095,12.99597743,16.20028754,26.51676391,34.97478009,29.49900052,28.74945786,25.07425345,34.54898822,35.16661557,36.00533074,28.30453877,30.51823893,27.71435479,28.03546496,27.76759286,24.49561899,22.04516976,24.73126686,25.59478777,25.95073961,22.45447526,24.58105273,26.60830703,23.3068222,,,
Cambodia,,,,,,82.53425217,82.76628823,82.196256,82.00027446,81.67488982,81.13607553,79.58799718,83.01975973,82.0680974,78.20706734,76.0703302,73.85580389,69.36572502,67.99918608,71.32193694,68.51846752,68.16174548,68.2603726,68.972156,68.00791011,64.92377591,,,
Kiribati,5.220941832,5.095217364,5.02663994,4.240036782,4.449112176,4.300035606,3.747151567,4.213861771,4.18450097,4.328067887,4.847791592,5.22557269,3.808999386,3.933718737,3.779985815,2.789632575,2.507637723,3.112973268,2.667689111,3.077905542,3.464604798,3.57454933,3.275567476,3.032065601,3.465024455,4.253998693,,,
St. Kitts and Nevis,40.03232618,34.09211252,33.81190188,38.87641945,41.34279919,36.7317558,30.95743031,34.23356726,32.19564558,27.45813541,26.6385794,26.27683213,24.59440436,26.61720767,22.22038776,25.58335551,0.013438627,0.012990166,0.012913238,0.012701915,0.992490943,0.927705413,1.327948342,1.512150826,1.697402808,1.642191194,,,
"Korea, Rep.",1.631946867,0.955805367,0.752919688,0.72597866,0.441574757,0.443590287,0.60863812,0.676453174,0.948920714,0.787126862,0.700450814,0.692197634,0.696662626,0.845581665,0.770203659,0.87292338,0.948657762,1.02492174,1.060729264,1.206796036,1.314953503,1.347612055,1.614257513,1.922273654,2.838191508,2.707702804,,,
Kuwait,0.165242348,0.354049306,0.167661774,0.061990072,0.038770647,0.115747062,0.069506753,0,0,0,0,0,0,0,0,0,0,0,0,0,0,0,0,0,0,0,,,
Latin America & Caribbean (excluding high income),32.68829137,31.9737153,31.65672904,31.11421204,30.68578822,30.31654377,29.59758813,28.83598477,28.67648016,29.12650648,28.44303569,27.9064883,28.48831295,28.99319472,28.43118446,28.56182707,28.84474405,29.1066633,28.4173426,29.26988529,28.67074475,28.4656585,27.52869547,27.41484709,27.31696572,27.91362818,,,
Lao PDR,88.44509701,88.10488917,87.11926405,86.92811073,86.57556326,85.96918282,85.64689193,85.91645634,86.22817828,86.54876962,85.47205755,84.84733928,83.9017741,82.07611649,77.65173299,77.24460037,72.9963562,72.21987777,69.06071463,66.82274145,71.50857939,66.2695521,63.34665782,60.68153174,60.47414119,59.31586075,,,
Lebanon,11.34168091,8.525147476,8.044073781,5.463977901,5.364536382,4.527380368,5.032160585,4.701475792,5.540788112,4.264212573,4.908444347,4.416921404,5.73547203,7.458904423,6.516104916,6.918333944,7.496193067,8.562004766,5.66937145,4.276906915,5.203632044,5.17973464,4.944418139,5.717306905,3.233519146,3.64671967,,,
Liberia,88.81723914,90.06814138,88.92724236,87.44361294,86.8545271,86.59740669,86.9857348,87.65245417,88.0034271,90.05095136,90.82612478,90.72429595,91.39939972,90.71503328,90.18406272,88.22741386,87.63470566,89.84999737,91.49439415,91.51302451,89.2054669,87.36797439,85.17993645,86.98962649,83.93553433,83.84704334,,,
Libya,3.129308451,3.011596948,2.88670662,2.701567951,2.363397059,2.191640686,2.101735794,2.122498808,2.147992808,2.044955649,2.042162689,2.024196087,1.965954551,1.947866432,1.865917485,1.813492585,1.87720936,2.002138536,1.87579255,1.719515088,1.568330806,2.230720912,1.912860304,1.71780327,1.753929078,1.966554457,,,
St. Lucia,5.467459385,5.11427318,4.248433296,3.616818508,3.276619705,3.097866214,2.858278952,3.000783987,2.648507464,2.527155625,2.615928342,2.313809662,2.767370606,2.442862305,2.538666823,2.498735795,2.475810551,2.419360009,2.391114663,2.255494717,2.204035523,2.177751912,2.178078022,2.173729698,2.145866181,2.132623536,,,
Latin America & Caribbean,32.43916163,31.88147044,31.63871427,31.04206771,30.58174205,30.1937212,29.43900883,28.63823216,28.44879625,28.80830745,28.29366659,27.80245951,28.39920775,28.80104018,28.25856397,28.37425767,28.66273411,28.7712692,28.21165702,29.04790644,28.33140131,28.20623503,27.38285576,27.29622184,27.08299299,27.60249959,,,
Least developed countries: UN classification,86.05031893,86.43765163,86.71907046,87.12781128,86.64926273,85.62194746,85.2689026,84.47433402,84.53189834,84.13062821,83.86990268,83.30428746,82.90014179,81.65237128,81.27698746,81.04825859,80.44341596,79.53497026,78.78404551,77.89958901,76.6690346,75.92697224,74.73763819,74.1968828,73.4133848,73.21950492,,,
Low income,62.81712854,63.99486312,66.74471394,68.52152432,70.57805562,71.36385062,72.22837411,72.30295839,72.64373544,72.60864391,72.42851334,72.16611373,72.85776286,72.62030604,72.24919963,70.98797793,70.89112432,71.89268679,71.01463059,73.27757794,73.12369983,74.64870499,75.13909489,76.67651436,76.22272115,78.36850343,,,
Liechtenstein,,,,,,,,,,,,,,,,,,54.47584973,54.20026025,58.99002935,58.69446665,61.43288218,61.92172469,60.46879241,62.59202627,63.13444144,,,
Sri Lanka,78.0872449,77.96100498,75.27713217,74.19005809,70.58093407,69.93855476,64.41196104,65.90127563,64.15051139,63.24797441,64.15656553,62.92774237,62.09988588,61.30121413,61.60870184,60.07623083,62.17400405,60.1968626,61.57084203,63.50919518,61.84228066,59.24946453,60.6912926,59.87225334,57.58518113,52.87589204,,,
Lower middle income,45.58081689,45.56599211,46.63033674,47.85246015,48.64093038,48.01833533,47.76783215,47.16038488,47.66100249,46.89677648,47.17908349,46.7883237,46.29193477,45.99526722,45.41070553,45.01128858,44.41605399,43.32391158,42.69127511,42.16976467,41.15843965,40.89040557,40.85228674,40.90186843,40.36593379,40.0255428,,,
Low & middle income,27.98437659,28.18338882,29.02620099,29.31638746,30.03705453,29.72938674,30.26919129,30.22881751,30.4211262,30.58845555,30.25215442,29.8204674,29.51371239,28.50901939,27.03596597,26.24528051,25.61402393,24.68018086,24.1792491,24.24301686,23.48881646,22.75298578,22.74337551,22.83270348,22.82402683,22.97182795,,,
Lesotho,52.02797925,51.94824643,51.36197501,50.99429076,50.81483839,50.77747737,50.78932871,50.60004505,50.62036282,56.87991869,56.69817615,56.49984342,56.1638601,55.9395401,55.41074653,55.30662989,55.46039537,55.32654244,54.98622663,53.98140827,53.44923217,53.13546633,52.41275121,52.29837891,51.38889849,52.13920609,,,
Late-demographic dividend,19.56985365,19.75260115,20.47646143,20.64593306,21.3705952,21.02548155,21.72265342,21.81563843,21.81563529,22.17900636,21.73382889,20.94980912,20.75049701,19.57536889,18.12330317,17.28244508,16.67329244,15.86433348,15.40122857,15.40036227,14.63315232,13.80952443,13.99975919,13.93054548,14.07068249,14.20181591,,,
Lithuania,3.096778514,2.887549503,4.609238189,8.890993356,9.823367245,10.34126673,11.47351421,11.61951371,12.92659288,14.97327391,17.18556439,17.58941863,17.88962616,18.06564408,18.06680328,17.5096092,17.46242818,17.06213084,18.33383246,20.08648269,21.45765236,22.73827261,23.9225825,26.34251347,27.70505248,28.96117925,,,
Luxembourg,1.721832398,1.700140165,2.012050464,1.991929201,2.820830015,3.990915421,3.065372097,4.386336023,6.730018593,5.86317309,6.854022816,3.433020512,1.312854047,1.271846994,1.362008875,1.891072557,2.092270369,3.635015081,3.966352156,3.737162366,3.659683026,3.733296015,4.147856832,5.723199451,6.883231945,9.031313661,,,
Latvia,17.56969052,18.68121836,21.59232003,25.38211766,28.34083494,32.4288069,32.0253796,32.89142112,35.34881087,36.33113045,35.82038981,35.3472298,34.38258949,34.33766248,36.11247547,36.30050044,33.9989639,33.07538637,33.70493558,38.39414096,33.06400041,35.5339218,40.36562479,39.60303803,40.2360616,38.09801717,,,
"Macao SAR, China",0.66098296,0.649200603,0.602446546,0.551479179,0.52058058,0.501743346,0.414436437,0.190800197,0.194542265,0.192829362,0.177456418,16.97420306,22.85424904,23.42081195,23.49685268,23.30964365,23.63745591,4.198964162,4.769744133,3.216439303,5.811880139,5.513253481,9.866821329,14.42308575,10.02047062,7.051363049,,,
St. Martin (French part),,,,,,,,,,,,,,,,,,,,,,,,,,,,,
Morocco,19.48255574,19.5554268,18.13514015,17.63590896,17.06127737,17.16420329,17.84958758,17.5216153,16.87740436,15.40813047,15.25900974,15.11672674,14.93612451,15.70333275,23.50541791,20.65759015,18.64916383,16.96936479,15.11902023,14.75654491,14.40785881,12.35167755,11.40499417,12.05025651,11.71858728,11.31745963,,,
Monaco,,,,,,,,,,,,,,,,,,,,,,,,,,,,,
Moldova,1.140957938,1.616865945,2.174911252,2.394828577,2.576918605,2.842618294,3.660394166,3.85207263,4.075334345,4.874368429,5.722138713,5.597062744,5.827728095,5.920881993,4.850144156,4.311912149,4.980543,4.465200588,4.937614891,4.860461127,8.440061982,9.887070926,10.46933036,13.07886258,13.04735002,14.27368871,,,
Madagascar,85.64727683,84.85701768,85.2285706,85.5159723,82.78797303,82.94431706,82.50908742,77.25774489,76.2920379,78.22292789,78.39990119,80.00382948,83.47705,80.59518457,79.85622637,80.47097682,84.34497481,83.34396225,82.33425468,83.17579674,81.93107572,78.84478146,76.39690018,72.74314641,72.02652708,70.17441591,,,
Maldives,4.458738895,4.454719919,3.133233766,3.816662224,4.022887919,3.31846451,3.160978578,2.723045951,3.027277981,2.200418608,2.126459269,2.054782699,1.629522223,1.970024525,1.526533676,1.762438433,1.444045203,1.378776989,1.355981074,1.264801622,1.164190484,1.140590425,1.039512377,1.041355828,0.903032402,1.009594693,,,
Middle East & North Africa,2.859287994,2.786630616,2.700649046,2.682570057,2.506420209,2.44074106,2.445353303,2.41810711,2.389746326,2.282134399,2.174388262,2.172862486,2.14091915,2.23300849,2.479703356,2.596655339,2.44979108,2.289623802,1.998639881,1.940973112,1.922598368,1.85557133,1.644914101,1.682404469,1.601525036,1.557856614,,,
Mexico,14.41330169,13.19551185,13.42709155,13.30396934,11.86310293,13.26183323,13.06472384,12.69977739,12.23845337,12.74846132,12.16735994,11.34388488,10.68278055,10.16903862,10.21329275,10.30575562,9.824107412,9.456579741,9.769617777,9.168405481,9.359977543,9.066472235,8.964824208,9.231363457,9.758462423,9.215213455,,,
Marshall Islands,,,19.34025553,18.99673494,19.44212537,19.38156204,19.62687137,19.69149984,19.55586459,19.4510482,19.57142695,19.07529017,18.62516483,18.56207064,18.39799059,18.37657809,16.96249789,15.21249377,14.77536294,13.96299806,13.30876071,12.05983123,12.0128203,12.06799216,12.01899833,11.16448465,,,
Middle income,26.45514706,26.61259374,27.37209268,27.61154258,28.26266706,27.89888378,28.39293826,28.36945521,28.50803335,28.65499319,28.26572755,27.77283258,27.43524029,26.42492304,24.97786866,24.1872028,23.56324328,22.61371051,22.11101421,22.1154455,21.40165339,20.65177986,20.72176913,20.73948531,20.70462102,20.81812972,,,
North Macedonia,2.410188215,4.42483482,16.00799263,14.84916302,16.58245672,17.80181786,14.20693961,15.90121,15.07137814,17.67681234,19.37627019,15.16867052,14.63241025,17.29208408,18.20220959,18.95058532,19.64586697,15.69944854,15.59055064,18.46546403,22.3303036,18.64403534,18.28229655,21.19708744,21.20423858,24.21812973,,,
Mali,88.63756683,88.62487515,87.97736685,87.49896342,87.79954242,88.0724996,87.85279261,87.72877328,85.59891348,85.31537817,85.38847575,85.32991331,85.91136174,86.44131775,85.84420843,85.79597449,82.6659444,78.88674745,76.23711595,72.70718331,69.12568403,66.6491335,64.92862094,62.40939748,64.59126071,61.52698472,,,
Malta,0,0,0,0,0,0,0,0,0,0,0,0,0.087308151,0.098418947,0.119495426,0.181221954,0.213177334,0.26527696,0.250047582,0.263477406,1.387207134,2.026620693,2.595071855,2.580532947,3.930100863,5.355004746,,,
Myanmar,90.90734721,91.11866943,90.78634823,89.24739761,87.96659097,85.22036041,84.6098368,85.16242502,83.35448156,81.87977107,80.16367444,82.47411174,82.99860779,79.790745,80.26836221,79.55089836,81.11655037,80.31546775,85.56656588,85.62958632,84.40455649,83.86031305,77.90955817,74.10515902,66.13285379,61.52781165,,,
Middle East & North Africa (excluding high income),4.043213039,3.930851187,3.780211305,3.799987865,3.543905673,3.411216425,3.444572208,3.362668034,3.362691616,3.175599931,2.973224899,2.974653427,2.946663411,3.101723476,3.434700477,3.602629438,3.420658369,3.229031879,2.765618028,2.72383331,2.759433566,2.669825357,2.647592018,2.692829787,2.566794362,2.530026853,,,
Montenegro,,,,,,,,,,,,,,,,47.61374655,44.83067905,42.26673992,38.75814394,49.16422976,49.09400765,42.83282857,45.91251069,49.37777669,45.99433488,43.00406055,,,
Mongolia,1.89262443,1.969590208,2.400168887,2.67180483,3.043395543,3.009338219,3.440849083,3.394397715,3.739136922,3.593976009,5.713471108,6.074890009,6.500197962,6.079986888,5.744707055,5.321772452,4.461787267,4.68248358,4.628963995,4.36488739,4.348320566,3.899355383,2.847908701,2.924524461,3.269842824,3.42973729,,,
Northern Mariana Islands,,,0,0,0,0,0,0,0,0,0,0,0,0,0,0,0,0,0,0,0,0,0,0,0,0,,,
Mozambique,93.10356192,94.29900897,93.11869675,91.96491433,93.19360545,92.84474016,93.12502576,92.64444257,94.00556701,94.16655406,93.60756443,93.95152243,93.7287368,92.7518498,92.91587366,93.61524833,93.28771485,92.14417269,92.43485754,91.66605281,91.30460426,90.45771948,90.82147005,90.31607107,88.85704783,86.40050892,,,
Mauritania,46.99974359,46.66243675,46.42320374,46.06398622,45.49209303,45.24920215,43.87733836,43.80722341,46.00898666,43.92591448,44.4105076,44.17996913,42.13375463,40.16508776,38.59009964,38.76836458,39.12073981,35.62921177,35.79535938,33.42557912,33.9988157,33.28260162,31.84257648,34.19616519,32.01933582,32.15957247,,,
Mauritius,47.06782744,43.34216479,43.15975375,38.77109343,35.4288668,38.83451453,35.56392632,36.44106497,33.52735265,21.04519731,20.42138254,20.07596067,17.93326998,18.89998991,19.08307442,17.73704603,16.49121288,15.77164465,12.81965591,12.87337846,13.658429,12.1429182,11.60886551,11.43757546,10.63386133,11.53736196,,,
Malawi,84.03097805,82.66823938,82.75231597,81.3447041,82.03188939,81.70100337,81.44909194,81.23050767,81.92500993,80.47980806,82.46920682,81.21835138,82.17542785,81.34105337,82.28575686,83.80142153,83.34016477,84.08710714,81.53240448,83.36206008,79.47031403,79.66270647,80.37294685,79.8747971,79.95087904,83.6494337,,,
Malaysia,11.98054361,11.15343552,10.26621727,10.02585191,9.925926912,9.029613848,7.473082671,6.705587222,7.16784032,7.342714823,6.743503724,6.478488911,5.71659094,5.413557381,5.169039721,4.924525098,4.994399452,4.557707547,4.729134486,4.23012405,3.819042295,4.107762964,4.410310606,4.486299645,4.769773637,5.194442589,,,
North America,6.157155854,6.447522563,6.662215109,6.221306586,6.068315189,6.68617988,6.679287809,6.421376037,6.428478511,7.483561561,7.19201905,6.441283033,6.714560804,7.099052801,7.279220815,7.637505095,8.081270231,8.036398444,8.581553898,9.051324875,9.069901538,9.706722284,10.06982233,10.24550067,10.22052873,10.17618579,,,
Namibia,,43.17915851,41.45306323,39.24139909,34.3186226,33.69714773,33.34622207,32.65573311,34.18339055,35.44250141,33.51405433,29.2987598,33.0062662,32.56221605,32.10709648,32.05699495,32.86201577,32.76771534,27.02579248,27.07544429,26.37391934,27.9422018,28.55746861,28.27231269,27.61747181,26.46842984,,,
New Caledonia,10.15799083,7.411591005,6.507185968,5.322784854,5.421417749,4.381213255,6.701972319,7.583674984,8.033848313,9.06135673,7.182640669,6.322561526,4.921350923,4.593063065,4.849774833,4.750439494,4.194406705,5.50445762,7.439819489,6.705239281,4.478810198,5.568845868,6.195857234,6.228565034,3.982523019,4.759221211,,,
Niger,,,,,,,,,,,87.68816385,87.69441089,87.80032242,87.02711811,87.04576427,87.5983863,87.48039168,86.21984837,86.11051303,83.2964811,80.70682998,77.27095453,72.74666524,78.73374228,78.14143846,78.93982752,,,
Nigeria,87.77597276,86.50356978,84.52166667,86.33207411,88.61137244,88.03973723,87.11372183,85.55128917,87.08094317,87.12225247,86.19026509,84.59524905,84.51355741,82.95602162,83.96670102,84.07230811,86.14050992,87.37957486,86.35199404,88.83185073,86.7812381,86.15336544,86.44862816,86.78431,87.29924781,86.63562156,,,
Nicaragua,68.76593683,70.52304723,67.1172329,67.56142093,64.49447551,64.53607043,63.9430744,62.73374862,60.41723999,59.38437324,58.36679855,56.56910675,56.58845929,54.11642542,53.7840863,53.89533025,51.77493809,51.36475448,52.56067057,52.79614315,52.64110322,51.67871516,52.07877351,52.55522162,51.83928357,48.20490919,,,
Netherlands,1.201611136,1.169571601,1.213752817,1.212133263,1.26459149,1.277067851,1.28731662,1.507533301,1.570517547,1.65409445,1.751963262,1.782581591,1.933693827,1.924418912,2.239479432,2.771630523,3.151838281,3.721633781,3.973984795,4.410131668,3.873162742,4.696714057,4.962298743,5.024976324,5.659627737,5.889463079,,,
Norway,59.17374641,60.78488034,61.37896386,61.09732838,60.39894619,60.04712533,57.85055497,58.83887869,59.51691634,59.4149466,60.18813121,59.60640927,59.49311285,56.25686892,56.87160659,58.59180953,57.05969043,57.39006553,58.49373253,56.77092509,56.42455578,56.52932897,58.27585039,57.72594953,57.19640195,57.7720016,,,
Nepal,95.11971454,94.18864784,94.16105031,93.54555431,92.38024198,91.7324023,91.51546258,90.70866046,90.49117946,88.05242779,88.28454556,87.7565053,89.94329659,89.44287717,90.29701046,89.51737693,91.25326176,91.31227101,90.46893148,88.92708666,87.29244859,86.94551203,84.69734034,86.25309589,84.37478906,85.26395819,,,
Nauru,0,0,0,0,0,0,0,0,0,0,0,0,0,0,0,0,0.071845065,0.078579281,0.077203216,0.084618534,0.083696109,0.0925676,0.092257544,0.081319789,0.07885016,0.076290366,,,
New Zealand,30.03059277,29.67894686,27.60858014,29.24854195,30.19779515,30.58454268,29.44858311,27.6501627,29.5896025,28.65976545,28.95808981,26.88088194,28.77021445,28.10631602,30.55535317,29.26885813,29.37904818,29.1246308,28.15952614,30.22503243,31.32269173,32.1281911,30.47484154,30.00587283,30.32263714,30.78917555,,,
OECD members,6.996937736,7.148511155,7.296582008,7.232253636,7.048464537,7.374211391,7.314717417,7.312848639,7.406188904,7.834324382,7.754127772,7.380068779,7.472321576,7.703734739,7.879897923,8.146355062,8.562359798,8.785951676,9.330362219,9.941475933,10.25753042,10.6406701,11.16853666,11.57621338,11.80190326,12.00688679,,,
Oman,0,0,0,0,0,0,0,0,0,0,0,0,0,0,0,0,0,0,0,0,0,0,0,0,0,0,,,
Other small states,26.95002882,27.77999246,30.20767092,30.38806603,30.52119018,31.27178843,31.26531766,30.73169204,30.35097325,31.48829139,30.73659443,29.79345211,29.50517492,30.32756693,29.60070493,29.69885182,29.03198767,29.0976098,29.55546495,30.7462449,30.74678706,28.89354188,26.39632679,28.9530971,27.00113877,27.13974716,,,
Pakistan,57.50053324,58.09129374,55.98220548,54.14818931,54.19575992,53.12287602,52.16974292,51.93672445,51.6034781,50.2344767,50.95914949,51.31745439,51.08923639,49.71014652,47.5096912,47.51559686,46.51300838,44.27607524,45.99395551,45.77233981,46.7220403,46.07094048,46.52323559,47.46095201,46.60452974,46.47632492,,,
Panama,43.58944565,41.25841732,40.21691841,40.40672192,38.31268929,35.2838616,37.34844446,37.03981096,31.96695581,34.2160202,34.39784934,31.08782106,34.69901016,33.84103869,33.37902219,27.04150179,26.94174733,26.48901697,30.54582871,26.22326101,19.93740572,19.14038946,20.61955102,20.31333379,19.77078859,21.23415234,,,
Peru,39.4258282,39.91311374,37.30777125,37.0792617,35.93497582,33.28298537,31.71453523,31.73988848,32.69228951,30.68012856,32.1550549,34.84129062,34.16585147,34.8173472,32.60697896,32.7318398,33.87949431,32.37201084,25.71716003,28.06084509,30.79721128,29.54725883,28.25329448,25.98338532,25.99686493,25.50390552,,,
Philippines,50.9465674,51.96040826,48.70739056,45.85746431,44.43508561,38.9420017,36.87686633,33.79991123,33.43061176,34.06882535,34.84503162,33.53470845,32.82715431,32.04987259,31.31318902,31.42958284,32.5966322,31.2034145,31.72706478,31.2239207,28.81183559,29.39878283,30.22468995,29.30716135,28.58217185,27.45154445,,,
Palau,,,0,0,0,0,0,0,0,0,0,0,0,0,0,0,0,0,0,0,0,0,0,0,0,0,,,
Papua New Guinea,71.70041076,71.70677189,71.60828295,71.24916144,69.40089944,70.73085918,70.01895861,68.94589029,68.04083336,68.71083971,66.37890711,63.43943951,62.48432675,60.39681556,57.47948933,58.56340944,58.85497241,57.12915388,56.92430986,56.01605302,55.2524869,54.73322636,55.46508172,53.99550997,52.55234961,52.49865195,,,
Poland,2.501484839,2.064668571,2.302748681,6.131102223,6.195140782,6.332528762,5.86500109,5.982369508,6.536805795,6.410042299,6.926653185,7.2914594,7.490107297,7.292936788,7.310031005,7.21471645,7.183965055,7.275764524,8.010540196,8.842062692,9.488623858,10.43787918,10.91514325,11.41337981,11.56931553,11.91148821,,,
Pre-demographic dividend,78.28335553,79.69826369,77.96300632,78.30569479,78.87236532,79.04511551,78.18760296,77.4829126,78.91498921,78.59968809,78.08437105,77.32379002,77.358932,78.10483625,77.81931877,77.90513579,78.2783292,78.3577195,77.65905646,78.17633302,76.33218785,75.08809965,74.01907207,74.25137124,75.39540276,75.58258938,,,
Puerto Rico,1.746942855,1.787805974,1.774622931,0.797292653,0.254340397,0.533418739,0.7370622,0.464883808,0.515570154,0.724867425,0.733473891,0.941619551,0.949257795,1.086184555,0.571783715,0.552840372,0.569206677,0.665692455,0.674828024,0.733664639,0.573634039,0.673052168,0.698647347,1.393244137,1.627869144,1.837446383,,,
"Korea, Dem. People’s Rep.",7.189592068,7.538102531,7.739543342,7.998526686,8.989769326,9.598558461,10.20747007,9.641619885,9.889996579,9.384179411,8.717750047,8.62084423,9.025577215,9.265687525,9.37285777,9.228018357,8.957764849,10.9028299,10.1982575,12.30734984,13.4749489,18.08156736,17.69173903,23.80729426,21.03318699,23.12326149,,,
Portugal,26.94447493,25.78751953,22.39985615,24.36894961,24.94851063,23.74180386,25.3522361,24.54532332,22.43224103,19.01738032,20.11402495,20.82793312,18.27982187,22.09248039,19.86932538,18.07280039,22.33175137,23.14813607,23.18916935,24.89454299,27.82797757,27.21910302,25.51744089,30.17205521,30.45700808,27.15729839,,,
Paraguay,78.50645262,79.15027702,75.72811021,72.6123858,69.87860109,70.17179421,70.75909666,69.52088945,67.43981568,65.87586074,70.41173574,69.84046502,67.68032012,67.04732837,66.73328349,68.82404058,67.26376257,66.78736454,66.63216413,66.39284642,64.249376,63.11141223,62.67748634,63.10270154,63.11693531,61.67699459,,,
West Bank and Gaza,22.08208293,21.96005197,21.53205314,21.25964501,20.96529907,20.95701617,20.23610342,17.17918086,16.35581543,15.89171604,17.5249047,17.12139238,21.80392441,21.68427985,23.0833046,22.7819899,18.08414068,20.47668745,20.10253407,16.54086718,14.06476868,15.42016001,12.24030075,11.61040474,10.53025847,10.47271496,,,
Pacific island small states,47.70016566,52.62238236,47.727036,47.96333477,51.39867103,48.15872213,48.10937234,44.60030609,41.12760049,46.71169176,44.95425419,40.28823232,43.72389709,40.59001449,37.43325797,39.80885589,38.58660632,35.86212543,39.9276589,33.55536847,31.48304436,32.71613803,32.18664567,34.10440353,32.65879226,30.40789984,,,
Post-demographic dividend,6.344831217,6.52991431,6.6464018,6.525872611,6.426485064,6.726546569,6.71809223,6.719428973,6.822364878,7.289108084,7.244864232,6.867351329,6.945924577,7.213300349,7.382448497,7.66006806,8.106902771,8.36643974,8.903843997,9.528022427,9.858593462,10.23261842,10.80785174,11.21564063,11.56193253,11.79966193,,,
French Polynesia,4.731666167,4.856138097,7.858477978,8.297839127,7.691394657,9.38027879,8.180515994,8.264821671,11.19419933,7.932555322,9.935890582,6.878609678,6.230342227,7.228951726,7.854181207,8.150372093,10.22407017,9.869687992,9.336059067,9.373721129,11.57413795,9.785654675,9.344918555,8.831679003,10.16235651,9.829154767,,,
Qatar,0,0,0,0,0,0,0,0,0,0,0,0,0,0,0,0,0,0,0,0,0,0,0,0,0,0,,,
Romania,3.355765883,4.969561234,5.583722131,7.199847669,7.637532364,8.602682922,11.92380699,15.74562215,16.27513922,17.73397052,16.36718689,13.3946052,14.40930884,15.67141177,17.27532124,18.51016997,17.41050825,18.17942632,20.38899617,22.18226968,24.09570704,21.11273621,21.55095917,23.0902322,24.3318801,23.69779403,,,
Russian Federation,3.751939258,3.766961784,3.980548749,4.038095886,3.866873286,3.870681409,3.69452595,3.745987177,3.585032251,3.820848435,3.497189098,3.621604248,3.459288723,3.280098638,3.554391407,3.615024605,3.483899853,3.669240152,3.307738381,3.599623033,3.342748397,3.227795536,3.354041116,3.744504114,3.422426946,3.304228351,,,
Rwanda,80.08755822,81.82611689,81.55626283,81.33240761,78.53897686,88.35823779,89.1548284,91.12419581,90.8049706,90.76148846,86.67852456,86.87576277,87.10820267,87.2876199,87.54213662,89.24461218,90.58585273,90.30988791,90.63050313,90.54192683,90.65552908,89.64481259,88.78529096,88.47424848,88.18130377,86.65537429,,,
South Asia,60.00470096,59.24276263,58.65916373,58.16685252,56.89419889,55.71841827,54.88549967,53.78250023,53.90778359,52.90467324,52.9094458,52.99323072,51.94020309,51.89044851,50.69278147,49.67602478,48.59656137,46.9188596,45.22601706,42.73822134,41.5887595,40.87481222,40.4365187,40.17092625,38.99754223,38.27538465,,,
Saudi Arabia,0.037984679,0.036699861,0.022179598,0.015516266,0.030725365,0.025890405,0.0096538,0.009032332,0.009723799,0.00941578,0.009117777,0.010460769,0.009550452,0.009141477,0.008721059,0.008307274,0.008757458,0.007985372,0.007256284,0.007049215,0.006254908,0.006841222,0.006455407,0.006374478,0.006008742,0.005976542,,,
Sudan,73.26663513,76.16514757,77.39558664,85.62816078,79.48783779,81.47140198,83.61051484,80.54021327,81.90111294,80.84766227,80.42213461,79.38238941,76.75757079,76.98488736,75.38332923,72.43320435,69.35097753,65.72483062,63.65773578,63.28098443,61.44174976,63.97146086,59.81755319,61.30915496,62.43602847,61.59674748,,,
Senegal,55.55101113,55.27354599,53.66188326,55.08533663,54.75052082,53.17785866,52.46737293,50.67200084,48.02356639,45.84544925,47.51524555,45.82788484,44.48389435,44.7177002,40.7981222,41.22865403,44.20478341,40.63060515,40.4667628,51.95856714,50.26046684,48.6553647,50.36974551,43.59382927,43.35706358,42.71175163,,,
Singapore,0.194833724,0.495509224,0.52847069,0.515729258,0.477110597,0.452737924,0.457871819,0.431425659,0.433014805,0.426520083,0.325118893,0.595906734,0.576908092,0.575479846,0.525078849,0.535101712,0.51811873,0.503977768,0.5317358,0.478419172,0.475165157,0.469261488,0.495199918,0.555974866,0.621625223,0.708635297,,,
Solomon Islands,59.01436959,58.96308843,59.54837228,60.04838578,60.4986427,59.97546221,59.92405666,62.87220726,63.46901855,66.7572766,66.90179033,66.55488977,66.49583791,65.20930031,65.75207802,67.08438222,66.46315667,64.0051512,64.29941671,64.00517079,63.48961794,63.6749209,63.53150158,63.43069834,62.99314064,63.3074464,,,
Sierra Leone,91.28215225,90.25516271,90.21561125,90.13007993,89.71559669,90.24166239,90.07512227,90.4601887,91.26071795,91.36751244,89.28415166,87.1728796,87.12519506,85.68773608,85.74015667,87.25076857,83.38563965,85.56401919,85.27460055,85.38656001,84.17509258,80.34597479,78.42975555,75.22477528,73.05428622,77.66055863,,,
El Salvador,67.13703581,64.72591405,61.68876525,59.34207974,57.19833677,54.74697924,56.93744493,53.06236276,51.58657898,51.00757387,50.86406326,50.19257055,50.74235213,47.97911027,47.38962809,47.19163907,47.6504966,33.26585898,36.93303654,29.2966896,30.76614291,30.30938787,27.25567441,28.1612531,28.26544315,24.40076999,,,
San Marino,,,,,,,,,,,,,,,,,,,,,,,,,,,,,
Somalia,87.20321653,87.73981861,88.81101212,89.40206424,89.90810293,90.56541753,91.05081684,91.72618452,92.47009098,92.9045018,93.28312275,93.26167986,92.58001078,92.80168464,92.99795992,93.30414196,93.4677898,93.02043859,93.36806803,93.63149641,93.57214496,93.64950584,93.89456064,94.23044997,94.42694974,94.28596661,,,
Serbia,15.49165266,18.21979251,19.30853067,20.87905246,22.02761683,24.97608429,19.43228434,16.29905315,16.74292286,23.68335901,23.58647717,21.15550085,19.08033581,16.26229891,14.86537169,16.37174748,15.68668356,14.29340656,15.56633957,20.82235705,20.59508764,17.55075746,19.60573384,20.22826896,23.42929075,21.17388528,,,
Sub-Saharan Africa (excluding high income),71.14376661,71.80231586,72.43650445,73.34564691,73.8680853,73.49532298,72.59234717,71.6031077,72.28765556,72.72252759,72.90906529,72.9059808,72.3422527,71.67246852,71.47255552,71.17282747,71.37811711,71.05617833,70.94626049,70.97107961,71.4433412,71.10020476,70.33067154,70.05701659,70.30293926,70.14385116,,,
South Sudan,,,,,,,,,,,,,,,,,,,,,,,30.19682128,29.70165497,29.82963329,39.07438432,,,
Sub-Saharan Africa,71.13463656,71.79113882,72.42560605,73.33389513,73.85494305,73.48362019,72.5778053,71.5795824,72.25647708,72.68582067,72.86854405,72.86146568,72.3071911,71.63668156,71.42754087,71.13320257,71.33698283,71.02304642,70.91053776,70.94473725,71.42246801,71.08693842,70.31135122,70.04091389,70.2864319,70.12737498,,,
Small states,23.99912888,24.83220073,26.78238837,27.42556613,27.24746438,27.8023863,27.70943682,27.18770862,26.39091661,27.40568914,26.8614359,25.87506279,26.06830193,26.657886,25.94383582,25.85123864,25.34746003,24.76746532,25.64050453,27.03535977,27.00371646,25.57216531,23.48903581,25.51324743,23.96495688,24.17118146,,,
Sao Tome and Principe,50.92907396,50.92907396,54.17745362,54.05742243,54.01332446,53.94282385,55.63246801,56.08234051,55.06107552,56.67576693,54.72895742,55.4678746,55.33723345,51.80761029,48.9220445,47.9429132,47.32892454,47.68629274,46.03755862,45.40838959,43.75954955,43.11961536,41.24606123,41.3950243,41.80943769,41.05599898,,,
Suriname,,,,,,,,,,,26.47467036,26.95461856,31.25012791,28.2814759,25.99535856,22.12490076,24.83532557,27.22442846,28.46487253,28.65052533,24.54433933,25.44612724,23.04923094,25.96714517,25.38253637,24.91311036,,,
Slovak Republic,2.225335934,2.08678407,2.318612712,4.104215353,4.717442454,4.207010486,3.905504627,3.853383866,3.630589127,3.797945468,3.728088583,6.001000951,5.481048827,5.346868056,6.247301565,6.306465482,6.567616328,8.232176727,7.629430259,9.999141564,10.27973566,10.35756693,10.47258454,10.67838221,12.24275155,13.40916822,,,
Slovenia,12.35195059,13.13077817,13.90084403,12.35673778,12.33609325,11.49482248,11.09418376,10.23270261,11.08845046,10.9503328,15.86476462,14.99182282,14.09608647,14.18373043,15.41055212,14.56625471,14.41437157,14.08997708,13.8524952,19.02836498,19.50475385,18.58643293,19.70462575,22.00563259,22.30048656,20.87739614,,,
Sweden,34.06199197,32.45879153,33.23216078,34.38515226,31.35442412,33.91418148,31.35609734,35.620611,35.65790342,34.79225049,40.00825867,37.66157584,36.14876133,34.91042646,35.82331248,39.99189533,41.12658777,42.92465517,44.86558813,47.0773642,45.97780593,46.48702965,49.9485495,48.82522226,49.69341469,53.2477698,,,
Eswatini,85.24571644,86.67092071,92.26300469,91.99371049,73.21345435,72.75630464,75.50236416,47.92769592,49.1072865,48.86559597,48.19242994,47.82448762,49.80054369,49.77487753,48.82675051,49.6522912,62.29179457,64.73473456,63.94270482,64.69377563,62.68198971,61.25116041,62.47325796,66.71406415,67.69408862,66.10465921,,,
Sint Maarten (Dutch part),,,,,,,,,,,,,,,,,,,,,,,0.049934062,0.048935667,0.047959511,0.046334032,,,
Seychelles,4.248395139,3.48208008,3.335618269,3.110523652,2.763245277,2.96356046,2.291622243,1.373968771,1.0338298,0.868549785,0.571808231,0.505600601,0.560987319,0.525150049,0.402888851,0.376164955,0.354018936,0.425478784,0.383361292,0.505036067,0.625464048,0.963233962,0.630526085,1.288574303,1.298537644,1.352935548,,,
Syrian Arab Republic,2.360017397,2.107307275,2.239113178,2.230603415,2.058007569,1.805989576,1.663549821,1.690534027,1.606852664,1.751357005,2.000425733,2.07309851,1.6135917,1.91221495,2.602215279,2.111331606,1.826275971,1.566186524,1.272318895,0.933023195,1.410584971,1.903355508,2.519695713,2.8582156,2.353229564,0.521155172,,,
Turks and Caicos Islands,1.792108636,1.078649843,0.584360539,0.95385821,0.982270049,0.898626497,0.967568667,0.848251851,0.888287107,0.834261786,0.688235241,0.675127798,0.59603837,0.591969664,0.599648675,0.543302661,0.516655036,0.496592969,0.499390185,0.53184967,0.524279329,0.593043645,0.587956971,0.603267318,0.576831433,0.572166001,,,
Chad,98.1635271,98.30370579,98.22817628,98.17379862,98.12368375,98.13852414,98.08858357,97.92378211,97.60122419,97.30035846,97.16367648,97.26452103,97.26254546,91.96603534,92.122342,91.72726019,91.80991588,90.71424821,90.06843627,91.05415366,90.78835503,90.59736654,90.65051141,89.4572677,89.2400627,89.35739557,,,
East Asia & Pacific (IDA & IBRD countries),38.0391222,37.21155513,36.73287325,35.22800927,34.45975062,32.59864363,33.12586792,32.61073399,32.47970743,32.82172316,32.26325925,31.00230084,29.81940224,27.07721531,23.57194699,21.67278287,20.58804658,18.93812665,18.28836988,17.64900266,16.49274078,15.44340837,15.75484535,15.53993704,15.83215773,15.83852065,,,
Europe & Central Asia (IDA & IBRD countries),4.065451112,4.183625546,4.479890692,5.090373162,5.252097082,5.386314197,5.677750232,5.882459627,5.976142986,6.070318256,5.843103903,5.777736843,5.788038164,5.651798536,5.965932848,6.033604966,5.884074836,5.784102557,5.746959116,6.400664638,6.562925799,6.14624159,6.419911106,7.022747702,6.802529038,7.14818365,,,
Togo,78.70141705,82.08721827,85.79096609,91.4985971,81.55213942,81.52090303,73.09454211,79.5610582,77.74869211,73.11710759,77.11207846,82.05981022,78.6685196,74.79323777,76.14208296,77.22433221,79.65953691,79.93935574,76.521934,63.39771059,65.82542063,69.15686118,72.73741885,72.3995414,72.1615066,71.26466714,,,
Thailand,33.63913092,33.01563167,31.82377522,26.42591045,23.86782039,22.6994113,21.16347051,21.24884266,21.65097363,21.31244234,21.98813771,20.03560455,20.06692794,20.34439559,20.02466822,20.25239594,20.68693834,21.61124189,22.49108604,22.65736722,22.65487764,22.75552404,23.28982035,22.94360746,24.09572604,22.86307013,,,
Tajikistan,29.63775189,30.99936351,37.37866219,43.95660518,57.26018582,60.58249849,62.66713853,56.82428608,55.8075914,59.72839085,62.41341105,64.07302661,64.15724457,64.60824852,61.42674882,63.7432275,61.57941509,53.80399708,54.61545529,60.57507848,61.8343249,59.98027752,55.07985483,57.9210513,45.75639236,44.65920392,,,
Turkmenistan,0.277582764,0.317767787,0.001764462,0.002809506,0.001874933,0.001971608,0.002466815,0.002127215,0.102890062,0.089602038,0.0942309,0.093510016,0.090895029,0.079048491,0.075111705,0.074057722,0.085696893,0.073152525,0.074382295,0.081312147,0.072192893,0.065071312,0.039532208,0.042414307,0.041261664,0.040887886,,,
Latin America & the Caribbean (IDA & IBRD countries),32.22894798,31.59907686,31.31062237,30.92288332,30.4902105,30.20106659,29.39428045,28.65655692,28.52191633,28.92857919,28.37726556,27.87757648,28.51225609,28.95941017,28.39361521,28.62731103,28.97629722,29.12494164,28.51798731,29.43750663,28.73161937,28.53778793,27.68687601,27.60131271,27.34965115,27.87435882,,,
Timor-Leste,,,,,,,,,,,,,48.25274292,47.84693026,44.03719182,43.60638883,41.90316958,41.87859187,39.5877643,36.78219132,34.68922929,32.71107751,25.51298994,21.54162756,18.42248837,18.22368928,,,
Middle East & North Africa (IDA & IBRD countries),3.977313155,3.867289784,3.72029682,3.740640626,3.487430634,3.355521834,3.390872064,3.311851266,3.312544167,3.127161833,2.924644404,2.928048304,2.878123496,3.026930823,3.363040337,3.539354938,3.375342675,3.175876501,2.714750036,2.676513854,2.718619957,2.627571565,2.610384702,2.658065008,2.527598481,2.490436392,,,
Tonga,1.486607998,1.246426144,1.568700273,1.425736716,1.22682652,1.161942027,1.462181699,1.263760166,1.235416106,1.031878905,2.476729754,2.699507947,2.477388895,2.012778373,2.148452529,2.17045402,1.866994767,2.170683248,1.988544372,1.817493187,1.00787071,1.135017453,1.146957861,1.575649455,1.697629309,1.879751582,,,
South Asia (IDA & IBRD),60.00470096,59.24276263,58.65916373,58.16685252,56.89419889,55.71841827,54.88549967,53.78250023,53.90778359,52.90467324,52.9094458,52.99323072,51.94020309,51.89044851,50.69278147,49.67602478,48.59656137,46.9188596,45.22601706,42.73822134,41.5887595,40.87481222,40.4365187,40.17092625,38.99754223,38.27538465,,,
Sub-Saharan Africa (IDA & IBRD countries),71.13463656,71.79113882,72.42560605,73.33389513,73.85494305,73.48362019,72.5778053,71.5795824,72.25647708,72.68582067,72.86854405,72.86146568,72.3071911,71.63668156,71.42754087,71.13320257,71.33698283,71.02304642,70.91053776,70.94473725,71.42246801,71.08693842,70.31135122,70.04091389,70.2864319,70.12737498,,,
Trinidad and Tobago,1.193023774,1.30874233,1.284745435,1.350853254,1.266419385,1.185209708,1.000185724,0.939534801,0.903392053,0.86405706,0.759098479,0.682711082,0.635677592,0.600807139,0.625189963,0.530753107,0.619433147,0.365885963,0.363114192,0.400455156,0.334349645,0.359608807,0.324047643,0.309722806,0.280380128,0.284205764,,,
Tunisia,14.48023914,14.79053885,14.19335076,13.87118995,14.20237984,14.36803329,14.37547656,14.43762368,14.49885603,14.488595,14.23478083,14.21999786,14.54668674,14.12645513,13.9206085,14.17724818,14.32012183,14.32192683,14.60928812,16.06999317,12.68783984,13.32762319,13.08440893,13.24921425,12.93362971,12.56235035,,,
Turkey,24.51077696,24.18419764,24.22050637,23.82532605,24.24307665,22.09844195,21.24304374,20.84128763,21.63426895,20.55542625,17.26660897,18.11179305,17.4591762,16.27997122,16.77239302,15.29810211,14.24548625,12.48459838,12.41549787,13.32838057,14.32649611,12.78061278,12.83168463,13.84754526,11.60788754,13.37423004,,,
Tuvalu,0,0,0,0,0,0,0,0,0,0,0,0,0,0,0,0,0,0,0,0,0,0,0,0,0,0,,,
Tanzania,94.78490931,94.97058843,95.02558158,95.14743255,95.17763554,93.3715035,92.22245649,92.74786901,93.17765581,94.26634844,93.72447028,93.2250041,92.48071101,92.38042842,91.72749632,91.00995376,90.90427386,91.35672281,91.04858875,91.64074018,90.3162285,88.51373563,86.35448997,86.62480636,86.67360332,85.71304194,,,
Uganda,96.01851287,96.03933041,96.11768046,96.22849677,96.84245508,95.97116983,95.65698605,94.67740135,94.08731783,94.13556936,93.90604626,94.15308823,94.31779241,94.2259279,93.92102718,92.80583388,92.4206124,92.30914666,92.28420872,92.43868599,91.60617339,91.09121326,91.26617591,90.75016556,90.22213006,89.05794898,,,
Ukraine,0.650122965,0.700765536,0.600592001,0.893722997,1.105019513,0.976939548,0.897911043,1.025039518,1.577507214,1.451121584,1.254580066,1.228065196,1.034932885,0.972022203,1.189750498,1.251230562,1.734517081,2.386959327,2.724868325,2.963282591,2.882713434,2.738518,2.857634591,3.488733284,3.499746218,4.144318039,,,
Upper middle income,19.11334951,19.21100957,19.73685727,19.7333198,20.16527021,19.85897821,20.37287939,20.3792791,20.32193271,20.57496336,19.99589512,19.37142579,19.09690948,18.03949175,16.70662126,15.98596585,15.48514067,14.68791294,14.23795594,14.23256249,13.75245135,12.92883454,13.01964647,13.03627561,13.14807208,13.36451993,,,
Uruguay,44.81247732,43.72981811,43.39971214,42.7630863,42.25098041,41.06618355,37.56791792,37.67648614,36.90139164,33.29843915,38.80270713,40.95104918,43.03947801,43.11227326,38.31793557,39.90875304,35.65630137,41.46267009,43.27519393,45.2937671,52.8186125,48.84249423,46.9248622,50.74627302,55.39133872,58.02204118,,,
United States,4.175462186,4.507919594,4.763083108,4.281528407,4.088641398,4.726554335,4.763930451,4.514260299,4.53429689,5.709726593,5.429623689,4.67857121,4.840779184,5.326282274,5.477656518,5.841090873,6.396513971,6.304128198,6.845540835,7.354404755,7.505172055,8.164451646,8.481450408,8.713261573,8.754308954,8.716935867,,,
Uzbekistan,1.329744598,1.211402727,1.388622899,1.596425649,1.561012875,1.458602352,1.64858305,1.442411416,1.208921824,1.173160318,1.224016415,1.219110722,1.188714495,1.525051565,1.853285428,1.86245555,1.934647247,1.354334375,2.328602624,2.219765403,2.64349718,2.246520656,2.380965421,2.874228061,2.896783513,2.9701787,,,
St. Vincent and the Grenadines,15.43977328,11.59954549,13.16944734,12.27676071,10.47163061,9.104032279,8.99019363,8.783419895,7.153688113,6.54417466,8.491270771,6.194244473,6.070600651,5.63254121,5.855931473,5.810939672,5.591928349,5.44803654,5.507920536,4.367260075,5.486490891,6.546934469,5.191932616,6.007107459,5.800947299,5.807433397,,,
"Venezuela, RB",11.97733019,13.19355552,14.10669357,13.18552297,13.79273313,13.11280862,12.87230051,13.81969294,13.63981314,14.50025431,14.66337621,13.39179968,12.88405319,12.96030028,13.75637703,13.50412659,15.44307079,16.51935632,13.40273964,13.64699869,11.43601466,13.52549225,12.24420101,14.41997394,12.3158343,12.84157855,,,
British Virgin Islands,1.453020078,1.564264933,1.22250937,1.32956033,1.130997674,1.140434635,0.986754472,1.068969552,1.041896071,1.095732939,1.046448028,1.064675922,1.031216611,0.967126059,0.940319132,0.937837023,0.872728581,0.864855725,0.832245722,0.831967786,0.846844043,1.052902014,1.089967527,1.157790712,1.216805188,1.229135669,,,
Virgin Islands (U.S.),0,0,0,0,0,0,0,0,0,0,0,0,0,0,0,0,0,0,0,0,0,0.341455803,0.971550724,1.650198943,2.755002508,3.877525214,,,
Vietnam,76.08164466,75.63743658,74.70197167,70.81269017,67.98600793,65.12578361,62.86600927,60.79237361,59.49934411,59.56700311,57.96370073,56.35774932,52.41332939,51.02385557,45.98952382,44.35696306,44.46111764,42.10217794,39.4589931,37.16681368,34.79589882,36.52695938,38.11436603,37.39155073,37.03547263,34.99856984,,,
Vanuatu,24.15796686,24.92382029,26.95428989,27.1202058,27.58064711,27.2029454,20.44936892,19.61253671,21.30424272,48.91245942,48.65103379,47.4178705,51.92076807,50.45055072,64.05850851,64.26350983,69.5718357,42.24625792,47.60394274,38.78183184,38.37573943,36.63566257,40.30569589,42.57333063,32.14283066,36.1110646,,,
World,17.06715389,17.22381892,17.58433435,17.59843739,17.69286334,17.75534779,17.74181966,17.76830281,17.92092239,18.12984203,17.8993922,17.60150667,17.61837319,17.43409821,17.09722966,17.04344248,17.12126069,16.90830508,17.03502908,17.5116086,17.25519195,17.20977103,17.47623659,17.69905686,17.87018404,18.05375499,,,
Samoa,46.20460855,46.23826885,45.70142711,46.14201534,46.15173375,45.21811394,44.7497258,44.84110855,44.9785615,44.70642802,45.37231363,44.06785528,44.95033861,44.57921311,44.62079486,45.12569064,45.03526197,45.93516873,45.97222185,45.68830371,46.75466992,39.81963693,40.12092744,42.25371508,42.33507744,34.32489441,,,
Kosovo,,,,,,,,,,,28.29928277,23.93221395,24.1134478,23.82332841,24.13409365,22.91553848,22.14616937,21.20186419,20.56011188,20.92019658,20.92146167,19.7192779,20.86210645,20.89663859,21.4611559,20.45090897,,,
"Yemen, Rep.",2.148637786,1.709434052,1.580225951,1.792119747,1.74337598,1.504255962,1.480847387,1.397901359,1.291668912,1.207336988,1.151250455,1.070388658,1.061279214,0.926932534,0.911826488,0.894497135,0.931596159,0.936411687,0.899876796,0.862384217,0.963571052,1.139321803,1.332788126,0.93193693,0.974200975,2.276416687,,,
South Africa,16.62782171,17.46611882,18.36321702,18.58595006,18.56288156,18.11307968,17.4377706,17.10719134,17.27249004,18.22132003,18.50808046,19.1214417,18.32410404,17.5065632,16.76079749,16.2453417,16.37039674,15.81162909,15.98658971,15.57029253,17.07980233,16.97859476,16.63288545,16.09739397,16.5881622,17.15014125,,,
Zambia,82.98273423,82.25315767,82.70677677,85.13510708,86.85652944,87.11133056,89.64085704,87.0073848,87.75554547,89.83537502,89.99074144,89.80940341,89.64660086,89.35847437,89.50472861,89.00025618,89.84288374,92.9614092,92.18257942,92.08655998,92.10429746,90.89960814,88.63232944,88.47620857,88.03403729,87.98545236,,,
Zimbabwe,63.97640941,63.74078146,64.36829174,64.4177524,68.52720615,67.06226392,66.73832752,67.3858196,67.83880255,64.41253557,69.25877712,71.53027289,74.29460119,77.82673668,81.58156175,80.15037605,78.64763889,78.08014111,82.03198223,83.15371127,82.8795412,79.57422657,78.01970206,79.56109383,81.0492915,81.79780855,,,
